group,year,n,alpha,se,ci_lower,ci_upper
org_developers,2019,9824,2.036574749219275,0.029918128498404608,1.9548732942271123,2.0821436641326914
org_developers,2020,14502,2.0628882250478746,0.01973385224961527,2.0243237677330312,2.0972747883408345
org_developers,2021,18253,2.0753220275187356,0.029018041569068773,1.9597937551169473,2.105944746060349
org_developers,2022,20764,1.9113842626396056,0.07103343821632224,1.8818058011743246,2.092137107181829
org_developers,2023,23411,2.055321149676674,0.08622267458528289,1.827052706239885,2.0735305585998627
org_developers,2024,25490,2.0365934722731582,0.029260885477571615,1.9669925262576042,2.072958800812112
