group,year,n,alpha,se,ci_lower,ci_upper
org_developers,2019,9824,2.036574749219275,0.0299181284984046,1.9548732942271123,2.0821436641326914
org_developers,2020,14502,2.0628882250478746,0.0197338522496152,2.0243237677330312,2.0972747883408345
org_developers,2021,18253,2.0753220275187356,0.0290180415690687,1.959793755116947,2.105944746060349
org_developers,2022,20764,1.9113842626396056,0.0710334382163222,1.8818058011743248,2.092137107181829
org_developers,2023,23411,2.055321149676674,0.0862226745852828,1.827052706239885,2.0735305585998627
org_developers,2024,25490,2.0365934722731582,0.0292608854775716,1.966992526257604,2.072958800812112
org_developers,2025,18285,1.8661000363121323,0.12176209886749266,1.8158490326503087,2.1301355003685485
