year,accounts_exceeding_10k,yoy_change_pct
2019,46,
2020,73,58.69565217391304
2021,79,8.219178082191792
2022,131,65.82278481012658
2023,175,33.58778625954197
2024,1155,560.0
