group,year,n,alpha,se,ci_lower,ci_upper,xmin,R
Org Developers,2026 Q1,353,2.292279186535924,0.35800461178962156,1.624611138395039,2.9501725279544746,207.0,-1.0688048077150327
Personal-Only,2026 Q1,1175,2.341125529922296,0.18033763960204477,1.9688969516967318,2.661135100406474,246.0,-1.4568849670747015
