group,year,n,alpha,se,ci_lower,ci_upper,xmin,R
Org Developers,2026 Q1,1118,2.1599403369114714,0.17714665380876876,2.059561457280181,2.8215073360756215,172.0,-1.3573660362623081
Personal-Only,2026 Q1,4068,2.4076052935264753,0.24458551704788742,2.1023884227493483,2.971805083003909,345.0,-2.053601467535927
