group,year,n,alpha,xmin,R,best_fit
Org Developers,2025,18285,1.8661000363121323,25.0,-0.3051341032358435,Log-normal
Personal-Only,2025,71171,1.7981670558702116,33.0,-2.002664189182239,Log-normal
