year,n_developers,median_commits,mean_commits,max_commits,p90_commits,p99_commits,top_1pct_share,top_10pct_share,gini,p99_p50_ratio,alpha,alpha_se,xmin,n_tail,R_vs_lognormal,p_vs_lognormal
2024,356249,5.0,49.86044311703331,10000,21.0,938.5200000000186,0.6888774942459587,0.8952121838458079,0.8974075948998133,187.70400000000373,2.033060514610459,0.001730808165391831,3.0,356249,-13.699278788667884,1.0253770398410039e-42
